task,corr_mean,corr_lower,corr_upper,reliab_mean,reliab_lower,reliab_upper
saitt2afcBlock1,0.06592622493805458,-0.27551272137963123,0.4755428431050238,0.09740300357569083,-0.4320030944941268,0.6445666320512037
saitt2afcBlock2,0.1882924767987674,-0.10661908099064749,0.48051661309602994,0.292228123686445,-0.1926933700168912,0.6491201904325539
saitt2afcBlock3,0.029771290378455523,-0.2256059915761826,0.31264624478026193,0.04760136160488401,-0.3681541687656687,0.4763602330830864
